API,NFT ID,Rarity Score,Rank
https://api.raritysniper.com/public/collection/legendary-dancing-seahorse/id/,1,154.46,359
https://api.raritysniper.com/public/collection/legendary-dancing-seahorse/id/,2,180.78,272
https://api.raritysniper.com/public/collection/legendary-dancing-seahorse/id/,3,175.08,295
https://api.raritysniper.com/public/collection/legendary-dancing-seahorse/id/,4,150,368
https://api.raritysniper.com/public/collection/legendary-dancing-seahorse/id/,5,153.62,361
https://api.raritysniper.com/public/collection/legendary-dancing-seahorse/id/,6,220.16,132
https://api.raritysniper.com/public/collection/legendary-dancing-seahorse/id/,7,169.5,316
https://api.raritysniper.com/public/collection/legendary-dancing-seahorse/id/,8,197.7,194
https://api.raritysniper.com/public/collection/legendary-dancing-seahorse/id/,9,146.4,373
https://api.raritysniper.com/public/collection/legendary-dancing-seahorse/id/,10,227.43,117
https://api.raritysniper.com/public/collection/legendary-dancing-seahorse/id/,11,152.75,363
https://api.raritysniper.com/public/collection/legendary-dancing-seahorse/id/,12,173.58,301
https://api.raritysniper.com/public/collection/legendary-dancing-seahorse/id/,13,153.27,362
https://api.raritysniper.com/public/collection/legendary-dancing-seahorse/id/,14,191.67,217
https://api.raritysniper.com/public/collection/legendary-dancing-seahorse/id/,15,213.32,147
https://api.raritysniper.com/public/collection/legendary-dancing-seahorse/id/,16,170.32,314
https://api.raritysniper.com/public/collection/legendary-dancing-seahorse/id/,17,181.3,267
https://api.raritysniper.com/public/collection/legendary-dancing-seahorse/id/,18,150.65,367
https://api.raritysniper.com/public/collection/legendary-dancing-seahorse/id/,19,133.11,384
https://api.raritysniper.com/public/collection/legendary-dancing-seahorse/id/,20,153.63,360
https://api.raritysniper.com/public/collection/legendary-dancing-seahorse/id/,21,177.02,286
https://api.raritysniper.com/public/collection/legendary-dancing-seahorse/id/,22,216.1,143
https://api.raritysniper.com/public/collection/legendary-dancing-seahorse/id/,23,154.7,358
https://api.raritysniper.com/public/collection/legendary-dancing-seahorse/id/,24,237.32,96
https://api.raritysniper.com/public/collection/legendary-dancing-seahorse/id/,25,199.82,182
https://api.raritysniper.com/public/collection/legendary-dancing-seahorse/id/,26,235.18,102
https://api.raritysniper.com/public/collection/legendary-dancing-seahorse/id/,27,207.34,162
https://api.raritysniper.com/public/collection/legendary-dancing-seahorse/id/,28,167.53,323
https://api.raritysniper.com/public/collection/legendary-dancing-seahorse/id/,29,213.2,148
https://api.raritysniper.com/public/collection/legendary-dancing-seahorse/id/,30,226.57,120
https://api.raritysniper.com/public/collection/legendary-dancing-seahorse/id/,31,151.83,365
https://api.raritysniper.com/public/collection/legendary-dancing-seahorse/id/,32,237.7,94
https://api.raritysniper.com/public/collection/legendary-dancing-seahorse/id/,33,177.3,285
https://api.raritysniper.com/public/collection/legendary-dancing-seahorse/id/,34,158.44,344
https://api.raritysniper.com/public/collection/legendary-dancing-seahorse/id/,35,134.01,382
https://api.raritysniper.com/public/collection/legendary-dancing-seahorse/id/,36,176.21,289
https://api.raritysniper.com/public/collection/legendary-dancing-seahorse/id/,37,140.46,380
https://api.raritysniper.com/public/collection/legendary-dancing-seahorse/id/,38,228.63,115
https://api.raritysniper.com/public/collection/legendary-dancing-seahorse/id/,39,202.35,174
https://api.raritysniper.com/public/collection/legendary-dancing-seahorse/id/,40,183.53,255
https://api.raritysniper.com/public/collection/legendary-dancing-seahorse/id/,41,168.02,321
https://api.raritysniper.com/public/collection/legendary-dancing-seahorse/id/,42,133.7,383
https://api.raritysniper.com/public/collection/legendary-dancing-seahorse/id/,43,169.99,315
https://api.raritysniper.com/public/collection/legendary-dancing-seahorse/id/,44,218.88,136
https://api.raritysniper.com/public/collection/legendary-dancing-seahorse/id/,45,192.99,214
https://api.raritysniper.com/public/collection/legendary-dancing-seahorse/id/,46,179.65,276
https://api.raritysniper.com/public/collection/legendary-dancing-seahorse/id/,47,196.81,204
https://api.raritysniper.com/public/collection/legendary-dancing-seahorse/id/,48,145.06,378
https://api.raritysniper.com/public/collection/legendary-dancing-seahorse/id/,49,176.51,288
https://api.raritysniper.com/public/collection/legendary-dancing-seahorse/id/,50,215.56,144
https://api.raritysniper.com/public/collection/legendary-dancing-seahorse/id/,51,173.76,300
https://api.raritysniper.com/public/collection/legendary-dancing-seahorse/id/,52,227,118
https://api.raritysniper.com/public/collection/legendary-dancing-seahorse/id/,53,151.57,366
https://api.raritysniper.com/public/collection/legendary-dancing-seahorse/id/,54,147.69,370
https://api.raritysniper.com/public/collection/legendary-dancing-seahorse/id/,55,181.51,266
https://api.raritysniper.com/public/collection/legendary-dancing-seahorse/id/,56,220.47,130
https://api.raritysniper.com/public/collection/legendary-dancing-seahorse/id/,57,228,116
https://api.raritysniper.com/public/collection/legendary-dancing-seahorse/id/,58,173.91,297
https://api.raritysniper.com/public/collection/legendary-dancing-seahorse/id/,59,186.84,236
https://api.raritysniper.com/public/collection/legendary-dancing-seahorse/id/,60,155.44,351
https://api.raritysniper.com/public/collection/legendary-dancing-seahorse/id/,61,256.18,67
https://api.raritysniper.com/public/collection/legendary-dancing-seahorse/id/,62,139.68,381
https://api.raritysniper.com/public/collection/legendary-dancing-seahorse/id/,63,186.22,241
https://api.raritysniper.com/public/collection/legendary-dancing-seahorse/id/,64,238.4,92
https://api.raritysniper.com/public/collection/legendary-dancing-seahorse/id/,65,236.51,100
https://api.raritysniper.com/public/collection/legendary-dancing-seahorse/id/,66,260.29,61
https://api.raritysniper.com/public/collection/legendary-dancing-seahorse/id/,67,179.63,277
https://api.raritysniper.com/public/collection/legendary-dancing-seahorse/id/,68,148.16,369
https://api.raritysniper.com/public/collection/legendary-dancing-seahorse/id/,69,199.41,185
https://api.raritysniper.com/public/collection/legendary-dancing-seahorse/id/,70,175.35,292
https://api.raritysniper.com/public/collection/legendary-dancing-seahorse/id/,71,220.12,133
https://api.raritysniper.com/public/collection/legendary-dancing-seahorse/id/,72,193.69,212
https://api.raritysniper.com/public/collection/legendary-dancing-seahorse/id/,73,160.57,341
https://api.raritysniper.com/public/collection/legendary-dancing-seahorse/id/,74,154.73,357
https://api.raritysniper.com/public/collection/legendary-dancing-seahorse/id/,75,237.07,97
https://api.raritysniper.com/public/collection/legendary-dancing-seahorse/id/,76,224.63,121
https://api.raritysniper.com/public/collection/legendary-dancing-seahorse/id/,77,209.02,157
https://api.raritysniper.com/public/collection/legendary-dancing-seahorse/id/,78,185.89,242
https://api.raritysniper.com/public/collection/legendary-dancing-seahorse/id/,79,140.58,379
https://api.raritysniper.com/public/collection/legendary-dancing-seahorse/id/,80,145.25,377
https://api.raritysniper.com/public/collection/legendary-dancing-seahorse/id/,81,157.23,346
https://api.raritysniper.com/public/collection/legendary-dancing-seahorse/id/,82,199.49,183
https://api.raritysniper.com/public/collection/legendary-dancing-seahorse/id/,83,166.66,327
https://api.raritysniper.com/public/collection/legendary-dancing-seahorse/id/,84,179.82,275
https://api.raritysniper.com/public/collection/legendary-dancing-seahorse/id/,85,199.27,186
https://api.raritysniper.com/public/collection/legendary-dancing-seahorse/id/,86,210.08,153
https://api.raritysniper.com/public/collection/legendary-dancing-seahorse/id/,87,147.11,372
https://api.raritysniper.com/public/collection/legendary-dancing-seahorse/id/,88,163.57,336
https://api.raritysniper.com/public/collection/legendary-dancing-seahorse/id/,89,190.34,223
https://api.raritysniper.com/public/collection/legendary-dancing-seahorse/id/,90,155.53,350
https://api.raritysniper.com/public/collection/legendary-dancing-seahorse/id/,91,167.06,326
https://api.raritysniper.com/public/collection/legendary-dancing-seahorse/id/,92,185.81,243
https://api.raritysniper.com/public/collection/legendary-dancing-seahorse/id/,93,196.93,202
https://api.raritysniper.com/public/collection/legendary-dancing-seahorse/id/,94,188.6,231
https://api.raritysniper.com/public/collection/legendary-dancing-seahorse/id/,95,200.5,176
https://api.raritysniper.com/public/collection/legendary-dancing-seahorse/id/,96,152.19,364
https://api.raritysniper.com/public/collection/legendary-dancing-seahorse/id/,97,219.17,135
https://api.raritysniper.com/public/collection/legendary-dancing-seahorse/id/,98,181.74,265
https://api.raritysniper.com/public/collection/legendary-dancing-seahorse/id/,99,145.57,375
https://api.raritysniper.com/public/collection/legendary-dancing-seahorse/id/,100,192.13,216
https://api.raritysniper.com/public/collection/legendary-dancing-seahorse/id/,101,278.15,41
https://api.raritysniper.com/public/collection/legendary-dancing-seahorse/id/,102,243.94,80
https://api.raritysniper.com/public/collection/legendary-dancing-seahorse/id/,103,206.59,166
https://api.raritysniper.com/public/collection/legendary-dancing-seahorse/id/,104,155.42,352
https://api.raritysniper.com/public/collection/legendary-dancing-seahorse/id/,105,216.52,140
https://api.raritysniper.com/public/collection/legendary-dancing-seahorse/id/,106,202.67,173
https://api.raritysniper.com/public/collection/legendary-dancing-seahorse/id/,107,197.54,196
https://api.raritysniper.com/public/collection/legendary-dancing-seahorse/id/,108,238.44,91
https://api.raritysniper.com/public/collection/legendary-dancing-seahorse/id/,109,240.48,86
https://api.raritysniper.com/public/collection/legendary-dancing-seahorse/id/,110,185.58,246
https://api.raritysniper.com/public/collection/legendary-dancing-seahorse/id/,111,245.2,79
https://api.raritysniper.com/public/collection/legendary-dancing-seahorse/id/,112,182.57,259
https://api.raritysniper.com/public/collection/legendary-dancing-seahorse/id/,113,154.93,356
https://api.raritysniper.com/public/collection/legendary-dancing-seahorse/id/,114,212,150
https://api.raritysniper.com/public/collection/legendary-dancing-seahorse/id/,115,180.97,268
https://api.raritysniper.com/public/collection/legendary-dancing-seahorse/id/,116,254.78,70
https://api.raritysniper.com/public/collection/legendary-dancing-seahorse/id/,117,200,181
https://api.raritysniper.com/public/collection/legendary-dancing-seahorse/id/,118,224.02,124
https://api.raritysniper.com/public/collection/legendary-dancing-seahorse/id/,119,352.79,9
https://api.raritysniper.com/public/collection/legendary-dancing-seahorse/id/,120,215.36,145
https://api.raritysniper.com/public/collection/legendary-dancing-seahorse/id/,121,209.57,156
https://api.raritysniper.com/public/collection/legendary-dancing-seahorse/id/,122,337.62,10
https://api.raritysniper.com/public/collection/legendary-dancing-seahorse/id/,123,162.01,339
https://api.raritysniper.com/public/collection/legendary-dancing-seahorse/id/,124,260.93,59
https://api.raritysniper.com/public/collection/legendary-dancing-seahorse/id/,125,222.3,127
https://api.raritysniper.com/public/collection/legendary-dancing-seahorse/id/,126,178.65,280
https://api.raritysniper.com/public/collection/legendary-dancing-seahorse/id/,127,224.12,123
https://api.raritysniper.com/public/collection/legendary-dancing-seahorse/id/,128,285.48,35
https://api.raritysniper.com/public/collection/legendary-dancing-seahorse/id/,129,165.77,331
https://api.raritysniper.com/public/collection/legendary-dancing-seahorse/id/,130,299.17,23
https://api.raritysniper.com/public/collection/legendary-dancing-seahorse/id/,131,206.86,165
https://api.raritysniper.com/public/collection/legendary-dancing-seahorse/id/,132,165.68,333
https://api.raritysniper.com/public/collection/legendary-dancing-seahorse/id/,133,184.59,250
https://api.raritysniper.com/public/collection/legendary-dancing-seahorse/id/,134,278.03,42
https://api.raritysniper.com/public/collection/legendary-dancing-seahorse/id/,135,173.86,298
https://api.raritysniper.com/public/collection/legendary-dancing-seahorse/id/,136,280.73,39
https://api.raritysniper.com/public/collection/legendary-dancing-seahorse/id/,137,162.54,338
https://api.raritysniper.com/public/collection/legendary-dancing-seahorse/id/,138,264.43,53
https://api.raritysniper.com/public/collection/legendary-dancing-seahorse/id/,139,268.96,48
https://api.raritysniper.com/public/collection/legendary-dancing-seahorse/id/,140,257.1,66
https://api.raritysniper.com/public/collection/legendary-dancing-seahorse/id/,141,171.71,308
https://api.raritysniper.com/public/collection/legendary-dancing-seahorse/id/,142,169.09,319
https://api.raritysniper.com/public/collection/legendary-dancing-seahorse/id/,143,180.86,270
https://api.raritysniper.com/public/collection/legendary-dancing-seahorse/id/,144,202.01,175
https://api.raritysniper.com/public/collection/legendary-dancing-seahorse/id/,145,169.31,318
https://api.raritysniper.com/public/collection/legendary-dancing-seahorse/id/,146,260.62,60
https://api.raritysniper.com/public/collection/legendary-dancing-seahorse/id/,147,188.45,232
https://api.raritysniper.com/public/collection/legendary-dancing-seahorse/id/,148,169.45,317
https://api.raritysniper.com/public/collection/legendary-dancing-seahorse/id/,149,186.28,240
https://api.raritysniper.com/public/collection/legendary-dancing-seahorse/id/,150,173.04,304
https://api.raritysniper.com/public/collection/legendary-dancing-seahorse/id/,151,207.26,163
https://api.raritysniper.com/public/collection/legendary-dancing-seahorse/id/,152,228.67,114
https://api.raritysniper.com/public/collection/legendary-dancing-seahorse/id/,153,241.97,84
https://api.raritysniper.com/public/collection/legendary-dancing-seahorse/id/,154,159.96,342
https://api.raritysniper.com/public/collection/legendary-dancing-seahorse/id/,155,231.84,108
https://api.raritysniper.com/public/collection/legendary-dancing-seahorse/id/,156,210.75,152
https://api.raritysniper.com/public/collection/legendary-dancing-seahorse/id/,157,233.06,107
https://api.raritysniper.com/public/collection/legendary-dancing-seahorse/id/,158,171.66,309
https://api.raritysniper.com/public/collection/legendary-dancing-seahorse/id/,159,203.88,172
https://api.raritysniper.com/public/collection/legendary-dancing-seahorse/id/,160,198.74,188
https://api.raritysniper.com/public/collection/legendary-dancing-seahorse/id/,161,180.89,269
https://api.raritysniper.com/public/collection/legendary-dancing-seahorse/id/,162,286.8,33
https://api.raritysniper.com/public/collection/legendary-dancing-seahorse/id/,163,248.11,78
https://api.raritysniper.com/public/collection/legendary-dancing-seahorse/id/,164,184.03,252
https://api.raritysniper.com/public/collection/legendary-dancing-seahorse/id/,165,186.97,235
https://api.raritysniper.com/public/collection/legendary-dancing-seahorse/id/,166,311.87,17
https://api.raritysniper.com/public/collection/legendary-dancing-seahorse/id/,167,216.18,142
https://api.raritysniper.com/public/collection/legendary-dancing-seahorse/id/,168,180.31,273
https://api.raritysniper.com/public/collection/legendary-dancing-seahorse/id/,169,145.55,376
https://api.raritysniper.com/public/collection/legendary-dancing-seahorse/id/,170,305.9,18
https://api.raritysniper.com/public/collection/legendary-dancing-seahorse/id/,171,171.32,310
https://api.raritysniper.com/public/collection/legendary-dancing-seahorse/id/,172,176.86,287
https://api.raritysniper.com/public/collection/legendary-dancing-seahorse/id/,173,204.97,168
https://api.raritysniper.com/public/collection/legendary-dancing-seahorse/id/,174,196.36,205
https://api.raritysniper.com/public/collection/legendary-dancing-seahorse/id/,175,180.83,271
https://api.raritysniper.com/public/collection/legendary-dancing-seahorse/id/,176,216.38,141
https://api.raritysniper.com/public/collection/legendary-dancing-seahorse/id/,177,288.44,31
https://api.raritysniper.com/public/collection/legendary-dancing-seahorse/id/,178,276,43
https://api.raritysniper.com/public/collection/legendary-dancing-seahorse/id/,179,182.01,262
https://api.raritysniper.com/public/collection/legendary-dancing-seahorse/id/,180,305.18,20
https://api.raritysniper.com/public/collection/legendary-dancing-seahorse/id/,181,234.28,104
https://api.raritysniper.com/public/collection/legendary-dancing-seahorse/id/,182,189.71,229
https://api.raritysniper.com/public/collection/legendary-dancing-seahorse/id/,183,206.5,167
https://api.raritysniper.com/public/collection/legendary-dancing-seahorse/id/,184,192.89,215
https://api.raritysniper.com/public/collection/legendary-dancing-seahorse/id/,185,220.62,129
https://api.raritysniper.com/public/collection/legendary-dancing-seahorse/id/,186,283.52,37
https://api.raritysniper.com/public/collection/legendary-dancing-seahorse/id/,187,233.14,106
https://api.raritysniper.com/public/collection/legendary-dancing-seahorse/id/,188,222.39,126
https://api.raritysniper.com/public/collection/legendary-dancing-seahorse/id/,189,237.41,95
https://api.raritysniper.com/public/collection/legendary-dancing-seahorse/id/,190,293.99,25
https://api.raritysniper.com/public/collection/legendary-dancing-seahorse/id/,191,209.63,155
https://api.raritysniper.com/public/collection/legendary-dancing-seahorse/id/,192,173.33,303
https://api.raritysniper.com/public/collection/legendary-dancing-seahorse/id/,193,155.2,354
https://api.raritysniper.com/public/collection/legendary-dancing-seahorse/id/,194,195.93,206
https://api.raritysniper.com/public/collection/legendary-dancing-seahorse/id/,195,683.63,3
https://api.raritysniper.com/public/collection/legendary-dancing-seahorse/id/,196,211.94,151
https://api.raritysniper.com/public/collection/legendary-dancing-seahorse/id/,197,304.7,21
https://api.raritysniper.com/public/collection/legendary-dancing-seahorse/id/,198,295.28,24
https://api.raritysniper.com/public/collection/legendary-dancing-seahorse/id/,199,259.2,63
https://api.raritysniper.com/public/collection/legendary-dancing-seahorse/id/,200,236.85,99
https://api.raritysniper.com/public/collection/legendary-dancing-seahorse/id/,201,196.87,203
https://api.raritysniper.com/public/collection/legendary-dancing-seahorse/id/,202,180.13,274
https://api.raritysniper.com/public/collection/legendary-dancing-seahorse/id/,203,204.18,171
https://api.raritysniper.com/public/collection/legendary-dancing-seahorse/id/,204,198.81,187
https://api.raritysniper.com/public/collection/legendary-dancing-seahorse/id/,205,223.14,125
https://api.raritysniper.com/public/collection/legendary-dancing-seahorse/id/,206,241,85
https://api.raritysniper.com/public/collection/legendary-dancing-seahorse/id/,207,171.82,307
https://api.raritysniper.com/public/collection/legendary-dancing-seahorse/id/,208,173.44,302
https://api.raritysniper.com/public/collection/legendary-dancing-seahorse/id/,209,207.56,161
https://api.raritysniper.com/public/collection/legendary-dancing-seahorse/id/,210,257.89,65
https://api.raritysniper.com/public/collection/legendary-dancing-seahorse/id/,211,170.8,311
https://api.raritysniper.com/public/collection/legendary-dancing-seahorse/id/,212,197.07,201
https://api.raritysniper.com/public/collection/legendary-dancing-seahorse/id/,213,183.8,254
https://api.raritysniper.com/public/collection/legendary-dancing-seahorse/id/,214,252.99,74
https://api.raritysniper.com/public/collection/legendary-dancing-seahorse/id/,215,288.54,30
https://api.raritysniper.com/public/collection/legendary-dancing-seahorse/id/,216,173.84,299
https://api.raritysniper.com/public/collection/legendary-dancing-seahorse/id/,217,167.67,322
https://api.raritysniper.com/public/collection/legendary-dancing-seahorse/id/,218,182.93,257
https://api.raritysniper.com/public/collection/legendary-dancing-seahorse/id/,219,166.35,328
https://api.raritysniper.com/public/collection/legendary-dancing-seahorse/id/,220,288.11,32
https://api.raritysniper.com/public/collection/legendary-dancing-seahorse/id/,221,177.55,284
https://api.raritysniper.com/public/collection/legendary-dancing-seahorse/id/,222,189.88,226
https://api.raritysniper.com/public/collection/legendary-dancing-seahorse/id/,223,159.21,343
https://api.raritysniper.com/public/collection/legendary-dancing-seahorse/id/,224,423.65,5
https://api.raritysniper.com/public/collection/legendary-dancing-seahorse/id/,225,213.53,146
https://api.raritysniper.com/public/collection/legendary-dancing-seahorse/id/,226,261.82,57
https://api.raritysniper.com/public/collection/legendary-dancing-seahorse/id/,227,198.61,189
https://api.raritysniper.com/public/collection/legendary-dancing-seahorse/id/,228,195.87,207
https://api.raritysniper.com/public/collection/legendary-dancing-seahorse/id/,229,172.89,305
https://api.raritysniper.com/public/collection/legendary-dancing-seahorse/id/,230,183.52,256
https://api.raritysniper.com/public/collection/legendary-dancing-seahorse/id/,231,271.27,46
https://api.raritysniper.com/public/collection/legendary-dancing-seahorse/id/,232,228.71,113
https://api.raritysniper.com/public/collection/legendary-dancing-seahorse/id/,233,237.02,98
https://api.raritysniper.com/public/collection/legendary-dancing-seahorse/id/,234,197.63,195
https://api.raritysniper.com/public/collection/legendary-dancing-seahorse/id/,235,268.51,49
https://api.raritysniper.com/public/collection/legendary-dancing-seahorse/id/,236,273.52,44
https://api.raritysniper.com/public/collection/legendary-dancing-seahorse/id/,237,187.62,233
https://api.raritysniper.com/public/collection/legendary-dancing-seahorse/id/,238,334.37,11
https://api.raritysniper.com/public/collection/legendary-dancing-seahorse/id/,239,217.09,139
https://api.raritysniper.com/public/collection/legendary-dancing-seahorse/id/,240,208.74,159
https://api.raritysniper.com/public/collection/legendary-dancing-seahorse/id/,241,189.73,228
https://api.raritysniper.com/public/collection/legendary-dancing-seahorse/id/,242,200.26,180
https://api.raritysniper.com/public/collection/legendary-dancing-seahorse/id/,243,200.5,176
https://api.raritysniper.com/public/collection/legendary-dancing-seahorse/id/,244,289.6,28
https://api.raritysniper.com/public/collection/legendary-dancing-seahorse/id/,245,185.39,247
https://api.raritysniper.com/public/collection/legendary-dancing-seahorse/id/,246,220.22,131
https://api.raritysniper.com/public/collection/legendary-dancing-seahorse/id/,247,253.92,72
https://api.raritysniper.com/public/collection/legendary-dancing-seahorse/id/,248,324.85,14
https://api.raritysniper.com/public/collection/legendary-dancing-seahorse/id/,249,197.18,199
https://api.raritysniper.com/public/collection/legendary-dancing-seahorse/id/,250,197.32,197
https://api.raritysniper.com/public/collection/legendary-dancing-seahorse/id/,251,204.93,170
https://api.raritysniper.com/public/collection/legendary-dancing-seahorse/id/,252,259.87,62
https://api.raritysniper.com/public/collection/legendary-dancing-seahorse/id/,253,278.7,40
https://api.raritysniper.com/public/collection/legendary-dancing-seahorse/id/,254,190.99,221
https://api.raritysniper.com/public/collection/legendary-dancing-seahorse/id/,255,219.65,134
https://api.raritysniper.com/public/collection/legendary-dancing-seahorse/id/,256,291.73,27
https://api.raritysniper.com/public/collection/legendary-dancing-seahorse/id/,257,200.33,179
https://api.raritysniper.com/public/collection/legendary-dancing-seahorse/id/,258,208.38,160
https://api.raritysniper.com/public/collection/legendary-dancing-seahorse/id/,259,187.57,234
https://api.raritysniper.com/public/collection/legendary-dancing-seahorse/id/,260,254.93,68
https://api.raritysniper.com/public/collection/legendary-dancing-seahorse/id/,261,178.21,282
https://api.raritysniper.com/public/collection/legendary-dancing-seahorse/id/,262,263.67,54
https://api.raritysniper.com/public/collection/legendary-dancing-seahorse/id/,263,178.96,278
https://api.raritysniper.com/public/collection/legendary-dancing-seahorse/id/,264,200.47,178
https://api.raritysniper.com/public/collection/legendary-dancing-seahorse/id/,265,270,47
https://api.raritysniper.com/public/collection/legendary-dancing-seahorse/id/,266,190.14,224
https://api.raritysniper.com/public/collection/legendary-dancing-seahorse/id/,267,156.19,349
https://api.raritysniper.com/public/collection/legendary-dancing-seahorse/id/,268,199.46,184
https://api.raritysniper.com/public/collection/legendary-dancing-seahorse/id/,269,185.65,245
https://api.raritysniper.com/public/collection/legendary-dancing-seahorse/id/,270,166.12,330
https://api.raritysniper.com/public/collection/legendary-dancing-seahorse/id/,271,197.09,200
https://api.raritysniper.com/public/collection/legendary-dancing-seahorse/id/,272,185.15,249
https://api.raritysniper.com/public/collection/legendary-dancing-seahorse/id/,273,147.2,371
https://api.raritysniper.com/public/collection/legendary-dancing-seahorse/id/,274,146.03,374
https://api.raritysniper.com/public/collection/legendary-dancing-seahorse/id/,275,484.02,4
https://api.raritysniper.com/public/collection/legendary-dancing-seahorse/id/,276,228.73,112
https://api.raritysniper.com/public/collection/legendary-dancing-seahorse/id/,277,217.25,137
https://api.raritysniper.com/public/collection/legendary-dancing-seahorse/id/,278,243.83,81
https://api.raritysniper.com/public/collection/legendary-dancing-seahorse/id/,279,183.93,253
https://api.raritysniper.com/public/collection/legendary-dancing-seahorse/id/,280,242.11,83
https://api.raritysniper.com/public/collection/legendary-dancing-seahorse/id/,281,264.7,52
https://api.raritysniper.com/public/collection/legendary-dancing-seahorse/id/,282,252.01,76
https://api.raritysniper.com/public/collection/legendary-dancing-seahorse/id/,283,325.67,13
https://api.raritysniper.com/public/collection/legendary-dancing-seahorse/id/,284,181.97,263
https://api.raritysniper.com/public/collection/legendary-dancing-seahorse/id/,285,185.19,248
https://api.raritysniper.com/public/collection/legendary-dancing-seahorse/id/,286,254.19,71
https://api.raritysniper.com/public/collection/legendary-dancing-seahorse/id/,287,156.92,348
https://api.raritysniper.com/public/collection/legendary-dancing-seahorse/id/,288,185.69,244
https://api.raritysniper.com/public/collection/legendary-dancing-seahorse/id/,289,226.93,119
https://api.raritysniper.com/public/collection/legendary-dancing-seahorse/id/,290,209.94,154
https://api.raritysniper.com/public/collection/legendary-dancing-seahorse/id/,291,272.33,45
https://api.raritysniper.com/public/collection/legendary-dancing-seahorse/id/,292,190.83,222
https://api.raritysniper.com/public/collection/legendary-dancing-seahorse/id/,293,266.7,50
https://api.raritysniper.com/public/collection/legendary-dancing-seahorse/id/,294,191.21,218
https://api.raritysniper.com/public/collection/legendary-dancing-seahorse/id/,295,168.15,320
https://api.raritysniper.com/public/collection/legendary-dancing-seahorse/id/,296,175.63,291
https://api.raritysniper.com/public/collection/legendary-dancing-seahorse/id/,297,164.01,335
https://api.raritysniper.com/public/collection/legendary-dancing-seahorse/id/,298,165.7,332
https://api.raritysniper.com/public/collection/legendary-dancing-seahorse/id/,299,229.46,111
https://api.raritysniper.com/public/collection/legendary-dancing-seahorse/id/,300,240.13,88
https://api.raritysniper.com/public/collection/legendary-dancing-seahorse/id/,301,162.84,337
https://api.raritysniper.com/public/collection/legendary-dancing-seahorse/id/,302,175.91,290
https://api.raritysniper.com/public/collection/legendary-dancing-seahorse/id/,303,358.54,7
https://api.raritysniper.com/public/collection/legendary-dancing-seahorse/id/,304,254.86,69
https://api.raritysniper.com/public/collection/legendary-dancing-seahorse/id/,305,175.1,294
https://api.raritysniper.com/public/collection/legendary-dancing-seahorse/id/,306,353.29,8
https://api.raritysniper.com/public/collection/legendary-dancing-seahorse/id/,307,230.74,110
https://api.raritysniper.com/public/collection/legendary-dancing-seahorse/id/,308,178.93,279
https://api.raritysniper.com/public/collection/legendary-dancing-seahorse/id/,309,197.23,198
https://api.raritysniper.com/public/collection/legendary-dancing-seahorse/id/,310,198.46,190
https://api.raritysniper.com/public/collection/legendary-dancing-seahorse/id/,311,178.47,281
https://api.raritysniper.com/public/collection/legendary-dancing-seahorse/id/,312,212.51,149
https://api.raritysniper.com/public/collection/legendary-dancing-seahorse/id/,313,194.77,209
https://api.raritysniper.com/public/collection/legendary-dancing-seahorse/id/,314,193.79,211
https://api.raritysniper.com/public/collection/legendary-dancing-seahorse/id/,315,217.22,138
https://api.raritysniper.com/public/collection/legendary-dancing-seahorse/id/,316,197.93,191
https://api.raritysniper.com/public/collection/legendary-dancing-seahorse/id/,317,186.39,239
https://api.raritysniper.com/public/collection/legendary-dancing-seahorse/id/,318,191,220
https://api.raritysniper.com/public/collection/legendary-dancing-seahorse/id/,319,289.26,29
https://api.raritysniper.com/public/collection/legendary-dancing-seahorse/id/,320,194.18,210
https://api.raritysniper.com/public/collection/legendary-dancing-seahorse/id/,321,167.36,324
https://api.raritysniper.com/public/collection/legendary-dancing-seahorse/id/,322,170.74,312
https://api.raritysniper.com/public/collection/legendary-dancing-seahorse/id/,323,251.75,77
https://api.raritysniper.com/public/collection/legendary-dancing-seahorse/id/,324,284.53,36
https://api.raritysniper.com/public/collection/legendary-dancing-seahorse/id/,325,968.05,1
https://api.raritysniper.com/public/collection/legendary-dancing-seahorse/id/,326,234.45,103
https://api.raritysniper.com/public/collection/legendary-dancing-seahorse/id/,327,182.39,260
https://api.raritysniper.com/public/collection/legendary-dancing-seahorse/id/,328,189.86,227
https://api.raritysniper.com/public/collection/legendary-dancing-seahorse/id/,329,224.47,122
https://api.raritysniper.com/public/collection/legendary-dancing-seahorse/id/,330,195.54,208
https://api.raritysniper.com/public/collection/legendary-dancing-seahorse/id/,331,182.81,258
https://api.raritysniper.com/public/collection/legendary-dancing-seahorse/id/,332,252.29,75
https://api.raritysniper.com/public/collection/legendary-dancing-seahorse/id/,333,315.69,16
https://api.raritysniper.com/public/collection/legendary-dancing-seahorse/id/,334,157.82,345
https://api.raritysniper.com/public/collection/legendary-dancing-seahorse/id/,335,239.32,89
https://api.raritysniper.com/public/collection/legendary-dancing-seahorse/id/,336,207.17,164
https://api.raritysniper.com/public/collection/legendary-dancing-seahorse/id/,337,262.75,56
https://api.raritysniper.com/public/collection/legendary-dancing-seahorse/id/,338,316.42,15
https://api.raritysniper.com/public/collection/legendary-dancing-seahorse/id/,339,285.51,34
https://api.raritysniper.com/public/collection/legendary-dancing-seahorse/id/,340,172.34,306
https://api.raritysniper.com/public/collection/legendary-dancing-seahorse/id/,341,240.22,87
https://api.raritysniper.com/public/collection/legendary-dancing-seahorse/id/,342,236.27,101
https://api.raritysniper.com/public/collection/legendary-dancing-seahorse/id/,343,167.34,325
https://api.raritysniper.com/public/collection/legendary-dancing-seahorse/id/,344,303.14,22
https://api.raritysniper.com/public/collection/legendary-dancing-seahorse/id/,345,175.13,293
https://api.raritysniper.com/public/collection/legendary-dancing-seahorse/id/,346,204.94,169
https://api.raritysniper.com/public/collection/legendary-dancing-seahorse/id/,347,281.21,38
https://api.raritysniper.com/public/collection/legendary-dancing-seahorse/id/,348,189.41,230
https://api.raritysniper.com/public/collection/legendary-dancing-seahorse/id/,349,418.64,6
https://api.raritysniper.com/public/collection/legendary-dancing-seahorse/id/,350,181.76,264
https://api.raritysniper.com/public/collection/legendary-dancing-seahorse/id/,351,253.07,73
https://api.raritysniper.com/public/collection/legendary-dancing-seahorse/id/,352,328.66,12
https://api.raritysniper.com/public/collection/legendary-dancing-seahorse/id/,353,166.15,329
https://api.raritysniper.com/public/collection/legendary-dancing-seahorse/id/,354,260.94,58
https://api.raritysniper.com/public/collection/legendary-dancing-seahorse/id/,355,157.09,347
https://api.raritysniper.com/public/collection/legendary-dancing-seahorse/id/,356,193.01,213
https://api.raritysniper.com/public/collection/legendary-dancing-seahorse/id/,357,305.36,19
https://api.raritysniper.com/public/collection/legendary-dancing-seahorse/id/,358,182.34,261
https://api.raritysniper.com/public/collection/legendary-dancing-seahorse/id/,359,165.44,334
https://api.raritysniper.com/public/collection/legendary-dancing-seahorse/id/,360,293.03,26
https://api.raritysniper.com/public/collection/legendary-dancing-seahorse/id/,361,237.75,93
https://api.raritysniper.com/public/collection/legendary-dancing-seahorse/id/,362,170.47,313
https://api.raritysniper.com/public/collection/legendary-dancing-seahorse/id/,363,177.88,283
https://api.raritysniper.com/public/collection/legendary-dancing-seahorse/id/,364,243.39,82
https://api.raritysniper.com/public/collection/legendary-dancing-seahorse/id/,365,258.26,64
https://api.raritysniper.com/public/collection/legendary-dancing-seahorse/id/,366,174.89,296
https://api.raritysniper.com/public/collection/legendary-dancing-seahorse/id/,367,155.07,355
https://api.raritysniper.com/public/collection/legendary-dancing-seahorse/id/,368,840,2
https://api.raritysniper.com/public/collection/legendary-dancing-seahorse/id/,369,264.72,51
https://api.raritysniper.com/public/collection/legendary-dancing-seahorse/id/,370,155.35,353
https://api.raritysniper.com/public/collection/legendary-dancing-seahorse/id/,371,184.17,251
https://api.raritysniper.com/public/collection/legendary-dancing-seahorse/id/,372,190.12,225
https://api.raritysniper.com/public/collection/legendary-dancing-seahorse/id/,373,222.07,128
https://api.raritysniper.com/public/collection/legendary-dancing-seahorse/id/,374,160.79,340
https://api.raritysniper.com/public/collection/legendary-dancing-seahorse/id/,375,238.7,90
https://api.raritysniper.com/public/collection/legendary-dancing-seahorse/id/,376,186.56,238
https://api.raritysniper.com/public/collection/legendary-dancing-seahorse/id/,377,231.74,109
https://api.raritysniper.com/public/collection/legendary-dancing-seahorse/id/,378,208.94,158
https://api.raritysniper.com/public/collection/legendary-dancing-seahorse/id/,379,191.04,219
https://api.raritysniper.com/public/collection/legendary-dancing-seahorse/id/,380,197.77,192
https://api.raritysniper.com/public/collection/legendary-dancing-seahorse/id/,381,186.65,237
https://api.raritysniper.com/public/collection/legendary-dancing-seahorse/id/,382,233.6,105
https://api.raritysniper.com/public/collection/legendary-dancing-seahorse/id/,383,263.37,55
https://api.raritysniper.com/public/collection/legendary-dancing-seahorse/id/,384,197.73,193
